0.02,0.077,0.057,0.239,0.167,0.124,0.039,0.049,0.058,0.07,0.104
0.018,0.112,0.076,0.332,0.225,0.159,0.03,0.038,0.04,0.045,0.064
0.02,0.094,0.067,0.31,0.214,0.155,0.04,0.05,0.066,0.078,0.115
0.018,0.073,0.049,0.208,0.133,0.091,0.034,0.046,0.054,0.066,0.104
0.02,0.25,0.184,0.692,0.507,0.381,0.048,0.062,0.081,0.101,0.144
0.016,0.069,0.049,0.175,0.118,0.087,0.039,0.044,0.053,0.063,0.095
0.013,0.056,0.038,0.109,0.071,0.05,0.038,0.053,0.066,0.085,0.135
0.02,0.084,0.058,0.279,0.184,0.129,0.037,0.047,0.058,0.075,0.11
0.021,0.284,0.19,0.767,0.519,0.36,0.041,0.05,0.077,0.086,0.119
0.02,0.155,0.104,0.506,0.331,0.225,0.04,0.052,0.058,0.084,0.126
0.018,0.081,0.056,0.236,0.159,0.114,0.041,0.051,0.07,0.087,0.13
0.019,0.1,0.069,0.3,0.202,0.144,0.036,0.047,0.051,0.065,0.103
0.022,0.215,0.134,0.726,0.448,0.284,0.047,0.06,0.085,0.119,0.172
0.019,0.091,0.06,0.292,0.19,0.131,0.041,0.048,0.063,0.076,0.113
0.018,0.082,0.057,0.248,0.169,0.122,0.037,0.053,0.069,0.088,0.133
0.02,0.088,0.064,0.288,0.199,0.146,0.042,0.053,0.073,0.091,0.129
0.019,0.087,0.06,0.297,0.2,0.143,0.037,0.047,0.049,0.068,0.106
0.02,0.107,0.069,0.36,0.227,0.15,0.037,0.053,0.057,0.084,0.138
0.017,0.077,0.051,0.235,0.15,0.103,0.037,0.045,0.05,0.064,0.099
0.018,0.067,0.048,0.19,0.128,0.095,0.037,0.046,0.054,0.07,0.106
0.018,0.109,0.077,0.32,0.226,0.167,0.048,0.054,0.075,0.089,0.126
0.022,0.119,0.082,0.45,0.308,0.22,0.035,0.043,0.043,0.056,0.081
0.02,0.094,0.064,0.31,0.202,0.14,0.04,0.055,0.068,0.092,0.149
0.017,0.078,0.052,0.213,0.138,0.097,0.043,0.053,0.075,0.094,0.133
0.02,0.092,0.059,0.303,0.189,0.126,0.039,0.044,0.059,0.068,0.097
0.019,0.081,0.059,0.248,0.174,0.13,0.044,0.055,0.08,0.1,0.15
0.018,0.098,0.064,0.298,0.19,0.13,0.038,0.052,0.059,0.078,0.128
0.014,0.048,0.036,0.09,0.063,0.05,0.038,0.05,0.055,0.07,0.111
0.018,0.07,0.049,0.19,0.121,0.087,0.041,0.048,0.06,0.072,0.11
0.02,0.105,0.075,0.347,0.241,0.175,0.052,0.066,0.097,0.133,0.193
0.018,0.125,0.082,0.365,0.243,0.169,0.038,0.05,0.054,0.073,0.118
0.02,0.095,0.061,0.311,0.191,0.125,0.042,0.052,0.072,0.088,0.129
0.019,0.081,0.058,0.242,0.168,0.124,0.042,0.051,0.065,0.082,0.12
0.021,0.114,0.075,0.382,0.252,0.173,0.044,0.055,0.074,0.1,0.145
0.02,0.085,0.058,0.283,0.186,0.131,0.042,0.048,0.063,0.072,0.109
0.018,0.071,0.05,0.219,0.142,0.099,0.048,0.053,0.079,0.095,0.139
0.016,0.077,0.051,0.2,0.131,0.092,0.035,0.05,0.055,0.072,0.119
0.017,0.076,0.053,0.22,0.147,0.106,0.038,0.044,0.058,0.066,0.09
0.018,0.082,0.061,0.257,0.189,0.146,0.037,0.052,0.061,0.086,0.146
0.018,0.086,0.055,0.254,0.161,0.11,0.037,0.049,0.055,0.074,0.114
0.023,0.11,0.077,0.415,0.282,0.202,0.044,0.054,0.068,0.09,0.133
0.02,0.092,0.06,0.311,0.2,0.136,0.033,0.048,0.053,0.074,0.123
0.019,0.089,0.061,0.279,0.186,0.131,0.039,0.05,0.057,0.071,0.103
0.02,0.102,0.074,0.371,0.262,0.194,0.049,0.058,0.085,0.11,0.155
0.02,0.138,0.095,0.453,0.312,0.223,0.035,0.045,0.051,0.066,0.1
0.022,0.107,0.071,0.388,0.25,0.17,0.043,0.055,0.075,0.094,0.142
0.021,0.082,0.058,0.265,0.183,0.133,0.037,0.045,0.05,0.062,0.095
0.024,0.099,0.069,0.375,0.25,0.176,0.049,0.055,0.079,0.093,0.127
0.02,0.105,0.072,0.371,0.248,0.174,0.048,0.067,0.103,0.143,0.212
0.016,0.088,0.052,0.23,0.136,0.087,0.038,0.052,0.065,0.085,0.137
0.015,0.088,0.054,0.203,0.123,0.081,0.032,0.038,0.042,0.049,0.074
0.017,0.076,0.056,0.217,0.152,0.114,0.048,0.056,0.085,0.103,0.15
0.019,0.109,0.076,0.363,0.252,0.184,0.036,0.047,0.058,0.072,0.105
0.019,0.101,0.07,0.323,0.222,0.161,0.042,0.05,0.069,0.086,0.123
0.019,0.087,0.062,0.293,0.202,0.149,0.04,0.048,0.06,0.077,0.115
0.016,0.068,0.048,0.182,0.123,0.091,0.036,0.05,0.055,0.072,0.115
0.023,0.083,0.06,0.234,0.157,0.114,0.039,0.047,0.056,0.067,0.101
0.02,0.091,0.062,0.296,0.193,0.134,0.039,0.048,0.059,0.075,0.116
0.015,0.071,0.043,0.158,0.095,0.063,0.046,0.052,0.074,0.085,0.124
0.014,0.06,0.042,0.134,0.087,0.063,0.04,0.049,0.069,0.084,0.124
0.019,0.09,0.064,0.277,0.193,0.142,0.041,0.063,0.067,0.108,0.19
0.019,0.092,0.064,0.283,0.192,0.138,0.046,0.054,0.083,0.095,0.136
0.02,0.113,0.076,0.366,0.24,0.166,0.036,0.052,0.053,0.077,0.123
0.02,0.094,0.063,0.309,0.205,0.143,0.035,0.043,0.05,0.061,0.088
0.021,0.091,0.069,0.327,0.238,0.181,0.037,0.044,0.048,0.061,0.095
0.019,0.086,0.062,0.27,0.191,0.142,0.039,0.053,0.063,0.082,0.134
0.019,0.111,0.07,0.368,0.228,0.148,0.04,0.054,0.064,0.086,0.138
0.017,0.101,0.067,0.292,0.193,0.133,0.038,0.046,0.059,0.074,0.106
0.019,0.078,0.056,0.247,0.168,0.12,0.043,0.05,0.067,0.088,0.126
0.019,0.081,0.058,0.25,0.174,0.129,0.035,0.046,0.048,0.06,0.095
0.024,0.19,0.127,0.765,0.51,0.349,0.051,0.065,0.098,0.135,0.192
0.017,0.076,0.053,0.218,0.145,0.103,0.042,0.046,0.064,0.074,0.105
0.016,0.083,0.056,0.22,0.148,0.107,0.036,0.044,0.054,0.062,0.092
0.019,0.087,0.06,0.281,0.186,0.131,0.04,0.049,0.055,0.072,0.107
0.02,0.079,0.057,0.262,0.18,0.132,0.04,0.05,0.058,0.079,0.121
0.02,0.096,0.067,0.339,0.231,0.163,0.037,0.05,0.058,0.077,0.12
0.019,0.081,0.057,0.255,0.168,0.117,0.035,0.045,0.049,0.061,0.097
0.019,0.098,0.064,0.322,0.204,0.138,0.046,0.055,0.084,0.107,0.152
0.02,0.07,0.051,0.195,0.131,0.095,0.039,0.049,0.061,0.075,0.111
0.019,0.103,0.073,0.319,0.22,0.159,0.037,0.05,0.061,0.074,0.111
0.02,0.124,0.09,0.394,0.286,0.215,0.045,0.051,0.069,0.083,0.106
0.017,0.082,0.056,0.229,0.152,0.106,0.037,0.05,0.058,0.074,0.12
0.02,0.09,0.063,0.309,0.206,0.144,0.041,0.047,0.064,0.077,0.11
0.021,0.173,0.116,0.57,0.372,0.254,0.033,0.046,0.048,0.059,0.094
0.02,0.099,0.068,0.321,0.219,0.157,0.045,0.051,0.076,0.091,0.121
0.02,0.11,0.072,0.387,0.249,0.166,0.039,0.051,0.069,0.087,0.13
0.018,0.091,0.062,0.295,0.198,0.138,0.038,0.05,0.058,0.074,0.118
0.019,0.141,0.097,0.408,0.283,0.206,0.036,0.044,0.054,0.064,0.095
0.02,0.133,0.095,0.418,0.301,0.224,0.038,0.05,0.064,0.079,0.115
0.021,0.105,0.071,0.396,0.259,0.177,0.037,0.049,0.062,0.08,0.114
0.019,0.102,0.073,0.304,0.214,0.159,0.033,0.043,0.05,0.059,0.094
0.018,0.069,0.05,0.201,0.139,0.103,0.045,0.055,0.077,0.091,0.136
0.023,0.217,0.135,0.769,0.487,0.317,0.04,0.052,0.069,0.094,0.141
0.019,0.074,0.051,0.227,0.148,0.104,0.038,0.049,0.059,0.08,0.129
0.019,0.113,0.072,0.354,0.225,0.149,0.045,0.051,0.075,0.091,0.127
0.02,0.084,0.06,0.282,0.19,0.137,0.042,0.051,0.062,0.079,0.116
0.02,0.085,0.061,0.282,0.191,0.138,0.04,0.049,0.062,0.081,0.118
0.016,0.069,0.05,0.167,0.114,0.086,0.03,0.035,0.044,0.042,0.06
0.015,0.077,0.047,0.19,0.115,0.075,0.038,0.043,0.054,0.06,0.089
0.02,0.107,0.073,0.342,0.235,0.171,0.039,0.047,0.055,0.072,0.111
0.018,0.083,0.058,0.257,0.175,0.127,0.045,0.056,0.084,0.102,0.15
0.02,0.091,0.067,0.302,0.216,0.162,0.042,0.048,0.066,0.078,0.113
0.019,0.095,0.066,0.298,0.201,0.144,0.04,0.052,0.061,0.081,0.129
0.017,0.073,0.054,0.187,0.131,0.1,0.034,0.046,0.048,0.058,0.093
0.019,0.075,0.052,0.237,0.156,0.109,0.037,0.051,0.058,0.082,0.133
0.015,0.07,0.047,0.175,0.116,0.083,0.041,0.05,0.065,0.079,0.116
0.018,0.08,0.055,0.237,0.154,0.108,0.043,0.046,0.061,0.067,0.099
0.023,0.244,0.163,0.852,0.572,0.393,0.037,0.055,0.059,0.085,0.136
0.022,0.092,0.062,0.31,0.203,0.141,0.044,0.052,0.067,0.086,0.117
0.019,0.091,0.065,0.304,0.212,0.156,0.037,0.047,0.054,0.065,0.098
0.022,0.102,0.067,0.347,0.219,0.147,0.049,0.061,0.102,0.125,0.176
0.016,0.073,0.051,0.181,0.124,0.093,0.04,0.044,0.058,0.062,0.095
0.022,0.09,0.062,0.311,0.204,0.143,0.035,0.049,0.054,0.075,0.123
0.016,0.076,0.052,0.199,0.133,0.095,0.033,0.043,0.045,0.057,0.094
0.022,0.171,0.127,0.584,0.428,0.322,0.043,0.057,0.076,0.092,0.129
0.018,0.067,0.051,0.178,0.128,0.098,0.038,0.049,0.053,0.068,0.103
0.021,0.106,0.075,0.378,0.262,0.189,0.044,0.052,0.069,0.085,0.12
0.018,0.082,0.055,0.267,0.171,0.117,0.04,0.052,0.063,0.083,0.131
0.016,0.065,0.046,0.169,0.112,0.081,0.037,0.043,0.055,0.062,0.093
0.02,0.073,0.053,0.212,0.144,0.107,0.04,0.055,0.059,0.08,0.126
0.017,0.08,0.057,0.234,0.162,0.118,0.037,0.047,0.054,0.067,0.103
0.019,0.074,0.054,0.221,0.155,0.118,0.038,0.047,0.057,0.069,0.105
0.017,0.067,0.047,0.178,0.116,0.082,0.041,0.049,0.069,0.08,0.112
0.019,0.078,0.056,0.241,0.163,0.119,0.041,0.052,0.078,0.092,0.13
0.021,0.086,0.063,0.26,0.18,0.134,0.034,0.044,0.05,0.062,0.093
0.017,0.077,0.049,0.214,0.129,0.085,0.036,0.041,0.052,0.059,0.089
0.019,0.083,0.058,0.261,0.178,0.13,0.039,0.057,0.073,0.102,0.161
0.021,0.089,0.065,0.308,0.214,0.156,0.043,0.055,0.08,0.101,0.138
0.016,0.069,0.047,0.184,0.122,0.086,0.035,0.045,0.055,0.069,0.11
0.019,0.081,0.058,0.249,0.172,0.125,0.033,0.048,0.045,0.065,0.111
0.019,0.095,0.063,0.32,0.209,0.145,0.058,0.077,0.162,0.22,0.313
0.022,0.088,0.059,0.283,0.178,0.12,0.04,0.05,0.068,0.085,0.12
0.02,0.133,0.093,0.404,0.283,0.205,0.041,0.051,0.064,0.083,0.119
0.02,0.083,0.059,0.271,0.182,0.13,0.038,0.048,0.057,0.071,0.103
0.02,0.134,0.09,0.42,0.283,0.199,0.038,0.05,0.067,0.083,0.124
0.021,0.088,0.065,0.292,0.206,0.155,0.036,0.051,0.05,0.072,0.114
0.021,0.1,0.067,0.333,0.22,0.154,0.045,0.05,0.072,0.081,0.117
0.021,0.084,0.06,0.281,0.189,0.136,0.042,0.048,0.061,0.072,0.105
0.022,0.125,0.085,0.468,0.314,0.221,0.038,0.055,0.052,0.082,0.134
0.022,0.18,0.121,0.683,0.449,0.307,0.049,0.063,0.077,0.103,0.153
0.018,0.088,0.058,0.264,0.169,0.116,0.04,0.05,0.07,0.088,0.127
0.018,0.072,0.053,0.205,0.141,0.106,0.037,0.046,0.055,0.065,0.103
0.02,0.083,0.057,0.256,0.171,0.122,0.037,0.044,0.053,0.064,0.095
0.021,0.086,0.06,0.281,0.188,0.134,0.04,0.049,0.061,0.078,0.113
0.018,0.072,0.052,0.21,0.147,0.109,0.043,0.052,0.072,0.091,0.138
0.024,0.148,0.096,0.565,0.357,0.236,0.047,0.07,0.092,0.14,0.224
0.022,0.085,0.062,0.289,0.2,0.151,0.035,0.044,0.049,0.062,0.089
0.021,0.12,0.088,0.41,0.29,0.215,0.043,0.062,0.077,0.104,0.152
0.017,0.065,0.047,0.175,0.117,0.086,0.039,0.051,0.06,0.076,0.12
0.016,0.06,0.043,0.144,0.096,0.07,0.033,0.046,0.047,0.055,0.087
0.02,0.087,0.061,0.284,0.192,0.14,0.04,0.049,0.065,0.08,0.119
0.018,0.096,0.068,0.278,0.196,0.146,0.035,0.051,0.053,0.071,0.112
0.02,0.124,0.087,0.427,0.297,0.214,0.039,0.049,0.06,0.075,0.11
0.02,0.132,0.094,0.422,0.302,0.224,0.052,0.058,0.086,0.103,0.14
0.02,0.088,0.062,0.276,0.187,0.135,0.041,0.047,0.063,0.077,0.109
0.02,0.079,0.055,0.25,0.166,0.118,0.041,0.048,0.06,0.078,0.117
0.02,0.086,0.063,0.283,0.199,0.149,0.044,0.049,0.064,0.08,0.114
0.022,0.156,0.102,0.561,0.353,0.232,0.04,0.057,0.062,0.086,0.139
0.02,0.165,0.108,0.543,0.353,0.238,0.042,0.051,0.066,0.086,0.121
0.021,0.148,0.097,0.526,0.34,0.225,0.045,0.058,0.071,0.1,0.157
0.02,0.08,0.059,0.26,0.186,0.141,0.034,0.042,0.052,0.061,0.09
0.018,0.076,0.053,0.232,0.155,0.11,0.036,0.046,0.052,0.066,0.111
0.02,0.147,0.098,0.483,0.321,0.222,0.044,0.06,0.08,0.107,0.158
0.019,0.168,0.109,0.51,0.33,0.222,0.039,0.051,0.063,0.084,0.128
0.021,0.148,0.096,0.494,0.325,0.222,0.038,0.052,0.062,0.081,0.123
0.017,0.069,0.05,0.19,0.13,0.096,0.044,0.052,0.076,0.089,0.131
0.017,0.114,0.074,0.295,0.191,0.129,0.038,0.045,0.06,0.069,0.097
0.018,0.073,0.05,0.212,0.138,0.097,0.038,0.048,0.061,0.075,0.117
0.02,0.111,0.075,0.374,0.249,0.174,0.045,0.049,0.073,0.084,0.113
0.02,0.094,0.063,0.324,0.209,0.141,0.033,0.048,0.046,0.063,0.103
0.021,0.088,0.061,0.298,0.201,0.142,0.043,0.064,0.079,0.111,0.175
0.02,0.085,0.055,0.272,0.164,0.105,0.038,0.053,0.069,0.088,0.134
0.02,0.09,0.059,0.301,0.191,0.127,0.033,0.041,0.047,0.055,0.082
0.019,0.081,0.053,0.265,0.169,0.115,0.041,0.054,0.066,0.089,0.142
0.018,0.148,0.106,0.397,0.282,0.207,0.037,0.047,0.057,0.071,0.105
0.023,0.102,0.071,0.379,0.255,0.18,0.036,0.051,0.054,0.072,0.106
0.02,0.083,0.059,0.261,0.178,0.129,0.036,0.051,0.06,0.078,0.116
0.02,0.089,0.061,0.297,0.199,0.141,0.037,0.047,0.054,0.067,0.101
0.018,0.096,0.067,0.295,0.205,0.149,0.037,0.045,0.056,0.064,0.093
0.017,0.089,0.063,0.237,0.167,0.125,0.034,0.043,0.045,0.055,0.09
0.02,0.069,0.051,0.189,0.129,0.095,0.044,0.055,0.073,0.094,0.138
0.019,0.099,0.066,0.3,0.199,0.139,0.039,0.053,0.066,0.09,0.14
0.018,0.082,0.057,0.243,0.162,0.117,0.036,0.042,0.05,0.06,0.084
0.02,0.096,0.07,0.332,0.239,0.18,0.035,0.046,0.05,0.065,0.102
0.018,0.085,0.06,0.251,0.171,0.122,0.035,0.044,0.048,0.061,0.092
0.018,0.151,0.1,0.387,0.257,0.177,0.04,0.052,0.065,0.085,0.13
0.018,0.074,0.052,0.218,0.144,0.102,0.041,0.057,0.065,0.09,0.145
0.016,0.064,0.043,0.159,0.102,0.072,0.041,0.046,0.064,0.07,0.097
0.023,0.116,0.086,0.433,0.314,0.238,0.045,0.056,0.07,0.088,0.122
0.016,0.069,0.049,0.166,0.113,0.084,0.035,0.046,0.059,0.073,0.11
0.019,0.087,0.059,0.286,0.189,0.132,0.044,0.05,0.065,0.084,0.12
0.016,0.075,0.053,0.195,0.136,0.101,0.035,0.044,0.051,0.06,0.098
0.021,0.104,0.073,0.338,0.228,0.163,0.04,0.05,0.066,0.081,0.113
0.02,0.08,0.055,0.266,0.173,0.121,0.039,0.048,0.063,0.08,0.117
0.017,0.086,0.057,0.236,0.152,0.104,0.048,0.057,0.086,0.106,0.149
0.022,0.093,0.064,0.32,0.21,0.145,0.036,0.044,0.056,0.066,0.098
0.019,0.087,0.062,0.283,0.196,0.142,0.037,0.048,0.059,0.071,0.111
0.018,0.104,0.077,0.299,0.223,0.173,0.04,0.046,0.067,0.071,0.098
0.019,0.089,0.059,0.26,0.169,0.116,0.041,0.048,0.062,0.076,0.108
0.019,0.091,0.062,0.291,0.196,0.14,0.037,0.051,0.053,0.078,0.133
0.021,0.099,0.067,0.37,0.243,0.169,0.038,0.045,0.055,0.069,0.104
0.019,0.075,0.056,0.22,0.157,0.12,0.042,0.052,0.074,0.091,0.133
0.018,0.079,0.057,0.234,0.164,0.125,0.036,0.045,0.049,0.063,0.095
0.019,0.108,0.076,0.344,0.244,0.181,0.032,0.044,0.045,0.055,0.093
0.021,0.121,0.083,0.393,0.26,0.182,0.037,0.051,0.056,0.077,0.116
0.02,0.079,0.057,0.256,0.177,0.131,0.038,0.046,0.055,0.074,0.107
0.018,0.082,0.054,0.249,0.159,0.109,0.04,0.049,0.065,0.082,0.117
0.016,0.066,0.046,0.176,0.115,0.083,0.042,0.051,0.063,0.08,0.123
0.022,0.103,0.067,0.38,0.244,0.165,0.036,0.048,0.051,0.071,0.113
0.018,0.091,0.063,0.272,0.186,0.134,0.041,0.052,0.068,0.086,0.13
0.022,0.164,0.107,0.614,0.397,0.267,0.038,0.051,0.055,0.07,0.109
0.021,0.144,0.103,0.481,0.338,0.246,0.044,0.056,0.064,0.082,0.119
0.02,0.074,0.054,0.214,0.143,0.103,0.041,0.046,0.061,0.072,0.102
0.017,0.099,0.067,0.278,0.188,0.135,0.033,0.041,0.044,0.053,0.084
0.023,0.141,0.097,0.506,0.343,0.243,0.045,0.056,0.068,0.093,0.135
0.019,0.103,0.07,0.337,0.223,0.155,0.041,0.053,0.07,0.092,0.133
0.019,0.096,0.065,0.316,0.211,0.148,0.038,0.048,0.06,0.077,0.112
0.02,0.155,0.106,0.479,0.328,0.234,0.044,0.061,0.078,0.108,0.165
0.018,0.071,0.05,0.21,0.14,0.099,0.038,0.055,0.062,0.088,0.138
0.02,0.091,0.064,0.317,0.213,0.15,0.036,0.044,0.058,0.07,0.103
0.02,0.081,0.053,0.254,0.158,0.105,0.036,0.049,0.057,0.074,0.12
0.018,0.106,0.072,0.315,0.214,0.153,0.041,0.049,0.062,0.082,0.12
0.021,0.079,0.057,0.243,0.167,0.122,0.044,0.051,0.065,0.079,0.116
0.015,0.06,0.041,0.139,0.09,0.066,0.036,0.043,0.057,0.067,0.097
0.022,0.133,0.093,0.463,0.317,0.227,0.044,0.053,0.068,0.093,0.137
0.02,0.079,0.057,0.264,0.183,0.134,0.043,0.049,0.061,0.071,0.108
0.018,0.115,0.073,0.326,0.205,0.136,0.035,0.051,0.056,0.074,0.116
0.02,0.089,0.062,0.298,0.2,0.141,0.039,0.046,0.055,0.068,0.098
0.019,0.088,0.061,0.3,0.202,0.145,0.038,0.048,0.056,0.069,0.105
0.015,0.061,0.041,0.137,0.088,0.063,0.031,0.039,0.04,0.044,0.069
0.018,0.124,0.081,0.378,0.252,0.174,0.042,0.061,0.074,0.105,0.161
0.017,0.096,0.065,0.263,0.175,0.122,0.035,0.052,0.052,0.073,0.121
0.021,0.098,0.062,0.343,0.214,0.141,0.046,0.056,0.081,0.107,0.152
0.019,0.09,0.064,0.293,0.203,0.148,0.04,0.05,0.06,0.078,0.113
0.022,0.214,0.147,0.742,0.516,0.367,0.031,0.041,0.043,0.054,0.083
0.023,0.113,0.079,0.433,0.292,0.203,0.034,0.046,0.051,0.066,0.097
0.017,0.067,0.045,0.182,0.116,0.08,0.04,0.049,0.06,0.08,0.125
0.019,0.075,0.051,0.225,0.145,0.1,0.036,0.051,0.057,0.075,0.119
0.017,0.098,0.067,0.272,0.188,0.137,0.042,0.05,0.073,0.084,0.119
0.019,0.087,0.059,0.282,0.188,0.132,0.034,0.049,0.054,0.072,0.117
0.022,0.116,0.078,0.412,0.272,0.188,0.04,0.05,0.06,0.08,0.12
0.017,0.055,0.041,0.124,0.083,0.064,0.037,0.043,0.054,0.063,0.091
0.022,0.09,0.068,0.302,0.219,0.166,0.04,0.049,0.064,0.077,0.108
0.02,0.09,0.061,0.3,0.201,0.141,0.038,0.046,0.05,0.065,0.099
0.019,0.069,0.051,0.177,0.12,0.088,0.036,0.05,0.055,0.071,0.116
0.019,0.118,0.075,0.358,0.233,0.159,0.036,0.046,0.058,0.071,0.106
0.015,0.057,0.041,0.126,0.081,0.06,0.041,0.049,0.07,0.082,0.118
0.02,0.082,0.058,0.259,0.174,0.123,0.04,0.047,0.063,0.078,0.109
0.017,0.091,0.059,0.274,0.176,0.118,0.038,0.046,0.058,0.068,0.095
0.018,0.069,0.05,0.206,0.143,0.106,0.034,0.049,0.049,0.066,0.11
0.021,0.09,0.062,0.3,0.201,0.143,0.038,0.047,0.06,0.074,0.11
0.018,0.093,0.06,0.285,0.181,0.121,0.04,0.051,0.059,0.078,0.116
0.016,0.059,0.045,0.138,0.099,0.077,0.036,0.045,0.057,0.064,0.096
0.022,0.136,0.089,0.459,0.292,0.194,0.039,0.054,0.066,0.087,0.131
0.02,0.091,0.063,0.277,0.188,0.134,0.038,0.049,0.059,0.079,0.123
0.019,0.101,0.071,0.302,0.213,0.157,0.035,0.043,0.049,0.058,0.084
0.02,0.113,0.078,0.363,0.247,0.176,0.038,0.042,0.055,0.06,0.081
0.018,0.067,0.048,0.184,0.121,0.087,0.038,0.051,0.057,0.072,0.124
0.016,0.105,0.071,0.252,0.172,0.121,0.039,0.048,0.063,0.07,0.11
0.023,0.089,0.065,0.304,0.21,0.155,0.037,0.05,0.051,0.068,0.105
0.019,0.091,0.058,0.296,0.185,0.123,0.036,0.04,0.053,0.055,0.075
0.019,0.093,0.067,0.265,0.177,0.13,0.038,0.053,0.063,0.086,0.136
0.019,0.08,0.058,0.252,0.174,0.128,0.04,0.048,0.06,0.069,0.104
0.019,0.087,0.061,0.273,0.179,0.125,0.042,0.055,0.066,0.088,0.142
0.018,0.079,0.053,0.246,0.159,0.11,0.036,0.054,0.058,0.078,0.125
0.018,0.065,0.048,0.164,0.113,0.084,0.037,0.052,0.059,0.08,0.128
0.018,0.122,0.076,0.377,0.241,0.16,0.039,0.048,0.063,0.078,0.112
0.017,0.111,0.081,0.309,0.227,0.174,0.04,0.05,0.061,0.075,0.107
0.021,0.189,0.124,0.587,0.378,0.254,0.038,0.051,0.056,0.076,0.112
0.02,0.087,0.062,0.292,0.2,0.148,0.039,0.049,0.064,0.078,0.119
0.019,0.091,0.065,0.287,0.202,0.152,0.044,0.052,0.074,0.09,0.123
0.02,0.079,0.06,0.254,0.185,0.142,0.035,0.044,0.051,0.06,0.087
0.021,0.107,0.076,0.378,0.263,0.192,0.04,0.049,0.07,0.08,0.112
0.022,0.085,0.062,0.281,0.194,0.142,0.036,0.052,0.052,0.072,0.117
0.022,0.173,0.116,0.565,0.385,0.27,0.043,0.052,0.071,0.096,0.135
0.018,0.067,0.049,0.181,0.125,0.093,0.033,0.044,0.046,0.059,0.096
0.019,0.203,0.141,0.602,0.419,0.3,0.045,0.057,0.077,0.098,0.142
0.023,0.146,0.1,0.539,0.365,0.257,0.048,0.061,0.09,0.116,0.153
0.019,0.081,0.057,0.258,0.172,0.12,0.038,0.049,0.059,0.076,0.118
0.016,0.066,0.046,0.17,0.112,0.08,0.038,0.047,0.058,0.07,0.103
0.02,0.103,0.071,0.34,0.228,0.16,0.03,0.043,0.043,0.052,0.084
0.021,0.138,0.091,0.487,0.318,0.216,0.032,0.046,0.044,0.066,0.102
0.021,0.133,0.09,0.448,0.301,0.213,0.037,0.047,0.052,0.065,0.09
0.02,0.069,0.052,0.178,0.122,0.093,0.037,0.054,0.062,0.085,0.133
0.018,0.09,0.057,0.266,0.165,0.11,0.039,0.044,0.057,0.069,0.105
0.02,0.081,0.055,0.248,0.161,0.112,0.041,0.051,0.063,0.079,0.117
0.019,0.082,0.059,0.262,0.185,0.136,0.039,0.05,0.062,0.081,0.112
0.021,0.076,0.055,0.237,0.158,0.112,0.045,0.058,0.081,0.108,0.157
0.022,0.083,0.061,0.267,0.189,0.145,0.039,0.047,0.058,0.072,0.104
0.021,0.139,0.096,0.493,0.332,0.232,0.06,0.077,0.145,0.194,0.274
0.022,0.162,0.105,0.602,0.393,0.264,0.035,0.049,0.048,0.071,0.117
0.018,0.069,0.051,0.196,0.133,0.098,0.044,0.055,0.072,0.094,0.138
0.019,0.08,0.056,0.251,0.17,0.121,0.037,0.048,0.056,0.074,0.115
0.017,0.106,0.076,0.293,0.209,0.155,0.039,0.049,0.061,0.076,0.115
0.021,0.1,0.072,0.345,0.241,0.178,0.045,0.046,0.062,0.073,0.099
0.02,0.095,0.065,0.318,0.219,0.157,0.041,0.054,0.066,0.089,0.138
0.019,0.105,0.072,0.337,0.229,0.164,0.038,0.051,0.05,0.069,0.119
0.018,0.09,0.06,0.27,0.179,0.125,0.042,0.058,0.08,0.101,0.152
0.019,0.075,0.054,0.226,0.15,0.109,0.038,0.053,0.061,0.087,0.142
0.019,0.091,0.062,0.291,0.196,0.141,0.039,0.049,0.057,0.071,0.109
0.017,0.093,0.063,0.268,0.181,0.127,0.034,0.045,0.047,0.06,0.097
0.023,0.11,0.071,0.429,0.274,0.182,0.038,0.057,0.062,0.091,0.148
0.018,0.077,0.054,0.236,0.159,0.114,0.04,0.047,0.054,0.063,0.096
0.02,0.076,0.055,0.223,0.151,0.11,0.04,0.045,0.057,0.067,0.092
0.02,0.098,0.069,0.321,0.218,0.156,0.044,0.051,0.073,0.089,0.126
0.017,0.094,0.06,0.257,0.157,0.104,0.041,0.05,0.07,0.084,0.123
0.015,0.082,0.05,0.206,0.128,0.085,0.032,0.047,0.045,0.062,0.106
0.017,0.068,0.05,0.196,0.137,0.102,0.042,0.056,0.067,0.091,0.142
0.019,0.081,0.06,0.237,0.17,0.129,0.033,0.037,0.046,0.047,0.068
0.02,0.086,0.063,0.281,0.198,0.149,0.037,0.052,0.059,0.074,0.116
0.022,0.173,0.106,0.611,0.378,0.242,0.045,0.056,0.079,0.102,0.147
0.021,0.084,0.059,0.273,0.186,0.135,0.039,0.055,0.067,0.088,0.124
0.02,0.086,0.059,0.295,0.194,0.135,0.038,0.051,0.059,0.079,0.115
0.017,0.063,0.047,0.163,0.111,0.082,0.036,0.053,0.056,0.076,0.125
0.019,0.09,0.062,0.295,0.195,0.137,0.038,0.047,0.057,0.071,0.103
0.02,0.08,0.053,0.248,0.156,0.105,0.047,0.053,0.08,0.098,0.134
0.019,0.086,0.056,0.287,0.182,0.121,0.042,0.052,0.076,0.096,0.134
0.018,0.099,0.067,0.313,0.211,0.148,0.035,0.043,0.049,0.062,0.092
0.019,0.084,0.058,0.288,0.191,0.133,0.038,0.051,0.059,0.077,0.113
0.021,0.082,0.06,0.253,0.173,0.125,0.039,0.051,0.068,0.085,0.116
0.017,0.069,0.053,0.197,0.146,0.114,0.032,0.044,0.044,0.056,0.088
0.019,0.085,0.057,0.28,0.182,0.126,0.043,0.049,0.064,0.078,0.107
0.018,0.075,0.056,0.215,0.154,0.117,0.041,0.053,0.066,0.087,0.138
0.017,0.066,0.045,0.184,0.117,0.081,0.036,0.047,0.047,0.067,0.113
0.017,0.088,0.062,0.26,0.182,0.135,0.039,0.051,0.065,0.086,0.136
0.02,0.09,0.063,0.291,0.196,0.141,0.04,0.049,0.061,0.078,0.121
0.019,0.074,0.051,0.228,0.152,0.108,0.044,0.05,0.067,0.08,0.11
0.02,0.095,0.068,0.314,0.222,0.166,0.042,0.057,0.075,0.099,0.148
0.016,0.071,0.048,0.179,0.118,0.085,0.035,0.049,0.053,0.069,0.118
0.023,0.133,0.093,0.504,0.342,0.242,0.041,0.06,0.066,0.096,0.148
0.02,0.091,0.062,0.307,0.203,0.142,0.043,0.055,0.08,0.105,0.155
0.02,0.073,0.057,0.214,0.158,0.125,0.036,0.047,0.048,0.063,0.098
0.02,0.093,0.066,0.317,0.219,0.159,0.037,0.047,0.053,0.067,0.101
0.016,0.063,0.044,0.154,0.102,0.073,0.037,0.047,0.053,0.064,0.106
0.021,0.149,0.105,0.513,0.361,0.262,0.042,0.047,0.062,0.072,0.102
0.019,0.079,0.059,0.233,0.168,0.128,0.046,0.055,0.073,0.091,0.138
0.018,0.061,0.048,0.147,0.109,0.088,0.038,0.043,0.056,0.059,0.083
0.017,0.069,0.051,0.177,0.124,0.095,0.037,0.044,0.06,0.066,0.099
0.018,0.073,0.053,0.22,0.154,0.115,0.039,0.054,0.063,0.089,0.144
0.019,0.089,0.061,0.298,0.195,0.137,0.036,0.044,0.053,0.065,0.097
0.022,0.107,0.072,0.368,0.234,0.158,0.049,0.058,0.086,0.103,0.138
0.018,0.083,0.062,0.273,0.202,0.157,0.038,0.05,0.049,0.067,0.112
0.018,0.084,0.058,0.252,0.168,0.121,0.033,0.044,0.041,0.056,0.096
0.02,0.145,0.101,0.465,0.312,0.219,0.037,0.055,0.066,0.093,0.146
0.015,0.061,0.044,0.136,0.092,0.069,0.035,0.047,0.058,0.068,0.102
0.02,0.083,0.059,0.279,0.188,0.135,0.039,0.052,0.064,0.084,0.126
0.018,0.069,0.045,0.198,0.122,0.081,0.036,0.047,0.054,0.069,0.11
0.02,0.128,0.083,0.412,0.267,0.181,0.05,0.062,0.107,0.136,0.197
0.021,0.151,0.108,0.469,0.327,0.238,0.037,0.049,0.051,0.064,0.099
0.019,0.084,0.061,0.266,0.184,0.135,0.044,0.056,0.083,0.109,0.159
0.018,0.081,0.06,0.24,0.173,0.132,0.042,0.055,0.069,0.092,0.138
0.02,0.089,0.062,0.298,0.201,0.144,0.04,0.05,0.055,0.07,0.103
0.018,0.091,0.063,0.286,0.2,0.148,0.041,0.049,0.065,0.08,0.116
0.02,0.081,0.057,0.254,0.174,0.125,0.043,0.048,0.066,0.081,0.115
0.02,0.096,0.069,0.301,0.214,0.16,0.042,0.051,0.068,0.085,0.121
0.019,0.089,0.064,0.267,0.185,0.134,0.038,0.048,0.058,0.066,0.096
0.017,0.075,0.051,0.207,0.138,0.098,0.035,0.044,0.049,0.059,0.09
0.02,0.09,0.061,0.305,0.2,0.139,0.04,0.048,0.061,0.078,0.117
0.02,0.093,0.064,0.3,0.205,0.15,0.055,0.066,0.107,0.139,0.203
0.018,0.07,0.048,0.195,0.125,0.088,0.041,0.046,0.068,0.076,0.103
0.022,0.243,0.158,0.771,0.504,0.338,0.045,0.051,0.072,0.081,0.109
0.017,0.091,0.059,0.24,0.156,0.108,0.034,0.045,0.051,0.06,0.093
0.02,0.083,0.058,0.276,0.185,0.132,0.037,0.049,0.058,0.075,0.115
0.02,0.076,0.055,0.242,0.166,0.122,0.037,0.048,0.052,0.066,0.1
0.021,0.084,0.058,0.278,0.184,0.131,0.039,0.049,0.06,0.078,0.116
0.019,0.079,0.055,0.247,0.166,0.119,0.041,0.049,0.058,0.073,0.114
0.017,0.063,0.044,0.162,0.105,0.074,0.039,0.057,0.062,0.087,0.146
0.019,0.09,0.062,0.284,0.194,0.139,0.038,0.047,0.058,0.075,0.115
0.02,0.091,0.065,0.303,0.213,0.155,0.039,0.055,0.069,0.092,0.145
0.02,0.083,0.058,0.266,0.177,0.126,0.04,0.052,0.061,0.08,0.123
0.021,0.128,0.087,0.451,0.305,0.213,0.036,0.046,0.056,0.073,0.107
0.016,0.057,0.043,0.142,0.098,0.073,0.039,0.051,0.067,0.081,0.121
0.019,0.082,0.058,0.262,0.179,0.131,0.041,0.05,0.069,0.087,0.126
0.019,0.107,0.071,0.354,0.232,0.159,0.038,0.05,0.056,0.075,0.114
0.018,0.076,0.055,0.224,0.154,0.112,0.043,0.05,0.069,0.083,0.121
0.018,0.092,0.061,0.268,0.176,0.123,0.039,0.049,0.059,0.076,0.118
0.021,0.128,0.086,0.446,0.302,0.213,0.039,0.05,0.056,0.078,0.116
0.021,0.091,0.066,0.318,0.219,0.16,0.038,0.048,0.057,0.078,0.12
0.016,0.061,0.044,0.146,0.098,0.073,0.041,0.049,0.071,0.082,0.122
0.018,0.085,0.06,0.269,0.185,0.136,0.038,0.048,0.056,0.074,0.109
0.015,0.05,0.035,0.098,0.064,0.048,0.035,0.05,0.053,0.065,0.106
0.018,0.075,0.052,0.221,0.146,0.104,0.039,0.045,0.056,0.066,0.097
0.018,0.074,0.055,0.213,0.152,0.116,0.04,0.045,0.063,0.065,0.093
0.019,0.081,0.059,0.247,0.174,0.131,0.036,0.044,0.052,0.065,0.096
0.019,0.098,0.066,0.312,0.205,0.142,0.038,0.049,0.063,0.076,0.113
0.019,0.088,0.06,0.27,0.18,0.128,0.04,0.046,0.063,0.073,0.101
0.019,0.088,0.061,0.262,0.177,0.125,0.036,0.048,0.052,0.066,0.104
0.021,0.092,0.063,0.334,0.22,0.153,0.042,0.053,0.065,0.087,0.13
0.022,0.084,0.056,0.285,0.181,0.122,0.036,0.048,0.057,0.073,0.115
0.02,0.077,0.054,0.233,0.153,0.108,0.036,0.049,0.056,0.077,0.128
0.021,0.099,0.069,0.33,0.224,0.162,0.037,0.044,0.054,0.064,0.091
0.019,0.094,0.065,0.305,0.21,0.152,0.035,0.05,0.056,0.073,0.118
0.021,0.082,0.054,0.286,0.18,0.12,0.038,0.045,0.058,0.074,0.104
0.021,0.087,0.062,0.276,0.188,0.136,0.037,0.048,0.057,0.072,0.109
0.015,0.069,0.044,0.166,0.1,0.066,0.044,0.048,0.075,0.086,0.121
0.023,0.095,0.067,0.338,0.221,0.156,0.041,0.056,0.067,0.093,0.146
0.021,0.182,0.126,0.617,0.42,0.296,0.042,0.059,0.065,0.089,0.137
0.02,0.088,0.06,0.299,0.194,0.133,0.038,0.046,0.062,0.076,0.107
0.019,0.079,0.055,0.242,0.157,0.11,0.04,0.051,0.065,0.082,0.119
0.021,0.14,0.091,0.456,0.299,0.204,0.044,0.06,0.082,0.114,0.167
0.017,0.073,0.051,0.196,0.134,0.098,0.033,0.042,0.047,0.056,0.085
0.02,0.087,0.059,0.291,0.189,0.13,0.036,0.048,0.056,0.075,0.12
0.019,0.087,0.06,0.291,0.195,0.137,0.039,0.049,0.056,0.08,0.121
0.02,0.093,0.067,0.308,0.218,0.162,0.038,0.053,0.061,0.079,0.122
0.02,0.076,0.055,0.234,0.163,0.121,0.043,0.055,0.07,0.095,0.152
0.02,0.084,0.057,0.264,0.172,0.118,0.04,0.053,0.065,0.085,0.136
0.02,0.081,0.054,0.265,0.165,0.111,0.036,0.045,0.054,0.072,0.108
0.018,0.067,0.048,0.191,0.125,0.089,0.042,0.059,0.075,0.102,0.158
0.019,0.12,0.085,0.37,0.258,0.187,0.035,0.044,0.051,0.06,0.087
0.015,0.059,0.042,0.144,0.097,0.073,0.038,0.046,0.052,0.062,0.095
0.022,0.104,0.07,0.383,0.252,0.175,0.04,0.052,0.063,0.085,0.123
0.018,0.075,0.051,0.231,0.148,0.101,0.034,0.049,0.056,0.074,0.116
0.019,0.092,0.065,0.308,0.214,0.156,0.039,0.052,0.058,0.079,0.123
0.021,0.131,0.094,0.445,0.31,0.226,0.044,0.056,0.077,0.103,0.145
0.02,0.081,0.058,0.249,0.168,0.12,0.039,0.05,0.064,0.079,0.115
0.023,0.104,0.077,0.374,0.27,0.203,0.038,0.044,0.054,0.056,0.076
0.023,0.155,0.101,0.585,0.368,0.245,0.047,0.061,0.076,0.11,0.168
0.017,0.087,0.057,0.252,0.161,0.111,0.037,0.047,0.056,0.072,0.111
0.022,0.16,0.114,0.593,0.423,0.312,0.035,0.049,0.049,0.07,0.114
0.019,0.126,0.084,0.395,0.263,0.184,0.039,0.052,0.07,0.09,0.128
0.021,0.085,0.058,0.284,0.19,0.135,0.039,0.051,0.066,0.082,0.119
0.022,0.168,0.116,0.586,0.404,0.287,0.039,0.051,0.053,0.07,0.105
0.02,0.084,0.061,0.282,0.192,0.139,0.041,0.052,0.065,0.085,0.131
0.024,0.11,0.07,0.426,0.267,0.176,0.039,0.048,0.058,0.075,0.116
0.019,0.089,0.061,0.285,0.185,0.128,0.04,0.051,0.069,0.082,0.115
0.022,0.114,0.082,0.396,0.275,0.201,0.045,0.058,0.077,0.103,0.15
0.02,0.088,0.059,0.276,0.181,0.128,0.042,0.049,0.066,0.08,0.116
0.021,0.097,0.066,0.347,0.23,0.159,0.035,0.045,0.052,0.067,0.102
0.019,0.093,0.059,0.304,0.189,0.125,0.037,0.044,0.053,0.066,0.101
0.018,0.066,0.046,0.18,0.12,0.085,0.039,0.052,0.068,0.088,0.131
0.02,0.18,0.122,0.552,0.37,0.258,0.046,0.056,0.093,0.121,0.168
0.019,0.1,0.066,0.323,0.214,0.149,0.035,0.05,0.052,0.07,0.11
0.019,0.084,0.058,0.271,0.18,0.128,0.042,0.048,0.064,0.076,0.112
0.02,0.085,0.058,0.264,0.179,0.128,0.043,0.049,0.065,0.079,0.114
0.019,0.087,0.061,0.283,0.192,0.139,0.038,0.048,0.057,0.071,0.105
0.019,0.086,0.06,0.283,0.193,0.139,0.038,0.049,0.062,0.077,0.116
0.02,0.093,0.065,0.299,0.206,0.15,0.041,0.048,0.064,0.08,0.11
0.019,0.098,0.065,0.306,0.2,0.138,0.035,0.048,0.054,0.072,0.114
0.019,0.1,0.068,0.314,0.209,0.147,0.039,0.047,0.057,0.067,0.099
0.02,0.096,0.065,0.334,0.22,0.154,0.036,0.045,0.056,0.068,0.102
0.016,0.085,0.054,0.234,0.148,0.099,0.043,0.054,0.074,0.095,0.137
0.021,0.083,0.059,0.262,0.177,0.128,0.043,0.052,0.07,0.085,0.124
0.02,0.074,0.053,0.224,0.152,0.11,0.041,0.053,0.068,0.088,0.141
0.019,0.097,0.066,0.312,0.209,0.147,0.038,0.047,0.06,0.073,0.107
0.021,0.086,0.059,0.286,0.188,0.132,0.041,0.055,0.073,0.1,0.147
0.02,0.121,0.077,0.396,0.257,0.173,0.036,0.042,0.048,0.055,0.082
0.019,0.081,0.06,0.255,0.181,0.138,0.04,0.048,0.056,0.07,0.104
0.015,0.065,0.045,0.145,0.095,0.068,0.035,0.04,0.05,0.054,0.078
0.02,0.081,0.057,0.256,0.175,0.126,0.038,0.047,0.055,0.068,0.103
0.021,0.095,0.063,0.333,0.213,0.143,0.037,0.042,0.058,0.066,0.092
0.021,0.099,0.067,0.356,0.235,0.163,0.044,0.058,0.077,0.104,0.148
0.02,0.114,0.077,0.355,0.236,0.165,0.041,0.054,0.063,0.087,0.133
0.018,0.076,0.052,0.246,0.163,0.116,0.037,0.049,0.051,0.071,0.116
0.017,0.107,0.073,0.3,0.203,0.145,0.036,0.047,0.054,0.068,0.107
0.019,0.087,0.058,0.273,0.176,0.12,0.033,0.047,0.05,0.066,0.107
0.016,0.075,0.05,0.212,0.14,0.098,0.035,0.049,0.051,0.069,0.112
0.018,0.083,0.054,0.257,0.161,0.107,0.041,0.05,0.072,0.084,0.121
0.02,0.096,0.066,0.329,0.221,0.156,0.043,0.054,0.071,0.096,0.145
0.02,0.086,0.058,0.288,0.184,0.125,0.038,0.048,0.059,0.073,0.111
0.018,0.083,0.057,0.253,0.168,0.117,0.039,0.05,0.06,0.079,0.117
0.022,0.093,0.065,0.309,0.206,0.144,0.042,0.047,0.07,0.081,0.113
0.018,0.076,0.047,0.236,0.137,0.086,0.036,0.047,0.062,0.077,0.115
0.017,0.125,0.083,0.336,0.226,0.159,0.037,0.049,0.056,0.074,0.117
0.022,0.166,0.113,0.591,0.404,0.285,0.041,0.052,0.065,0.086,0.117
0.018,0.118,0.085,0.36,0.257,0.193,0.04,0.047,0.062,0.071,0.099
0.023,0.089,0.064,0.264,0.175,0.125,0.049,0.058,0.085,0.109,0.147
0.02,0.071,0.05,0.197,0.126,0.089,0.045,0.052,0.073,0.094,0.137
0.019,0.092,0.064,0.299,0.207,0.15,0.036,0.049,0.051,0.072,0.118
0.018,0.078,0.055,0.241,0.165,0.119,0.04,0.051,0.063,0.077,0.112
0.018,0.073,0.052,0.208,0.144,0.107,0.039,0.053,0.065,0.086,0.135
0.015,0.07,0.046,0.165,0.106,0.075,0.037,0.049,0.061,0.074,0.117
0.02,0.084,0.058,0.277,0.185,0.131,0.039,0.05,0.069,0.086,0.128
0.017,0.072,0.05,0.203,0.135,0.099,0.035,0.043,0.051,0.056,0.086
0.02,0.082,0.057,0.265,0.177,0.125,0.041,0.045,0.058,0.066,0.096
0.019,0.083,0.054,0.282,0.174,0.116,0.04,0.049,0.066,0.081,0.118
0.019,0.094,0.066,0.298,0.203,0.145,0.032,0.045,0.042,0.057,0.098
0.021,0.101,0.073,0.362,0.257,0.19,0.041,0.047,0.058,0.067,0.09
0.019,0.081,0.056,0.254,0.173,0.126,0.036,0.041,0.049,0.058,0.081
0.021,0.156,0.108,0.497,0.336,0.238,0.038,0.05,0.053,0.07,0.102
0.016,0.092,0.057,0.245,0.145,0.091,0.039,0.051,0.063,0.078,0.118
0.02,0.165,0.109,0.513,0.343,0.237,0.045,0.057,0.079,0.109,0.158
0.017,0.088,0.06,0.251,0.166,0.115,0.041,0.054,0.072,0.097,0.15
0.015,0.06,0.041,0.13,0.083,0.058,0.048,0.053,0.079,0.093,0.131
0.019,0.118,0.079,0.371,0.248,0.176,0.044,0.053,0.072,0.095,0.141
0.018,0.074,0.051,0.219,0.142,0.099,0.035,0.04,0.047,0.054,0.08
0.02,0.183,0.119,0.575,0.379,0.257,0.048,0.056,0.087,0.104,0.139
0.015,0.082,0.052,0.211,0.133,0.09,0.038,0.047,0.061,0.074,0.116
0.018,0.083,0.06,0.245,0.167,0.121,0.041,0.05,0.063,0.079,0.123
0.015,0.058,0.042,0.138,0.093,0.069,0.034,0.044,0.048,0.06,0.095
0.019,0.087,0.059,0.285,0.183,0.125,0.04,0.051,0.068,0.087,0.129
0.018,0.068,0.047,0.196,0.126,0.086,0.041,0.05,0.066,0.078,0.121
0.02,0.097,0.066,0.346,0.229,0.159,0.04,0.052,0.071,0.092,0.131
0.021,0.085,0.058,0.259,0.168,0.116,0.043,0.06,0.084,0.115,0.175
0.017,0.072,0.055,0.205,0.151,0.118,0.033,0.043,0.045,0.054,0.087
0.021,0.092,0.065,0.306,0.207,0.148,0.039,0.052,0.065,0.085,0.124
0.018,0.089,0.063,0.279,0.192,0.141,0.037,0.049,0.053,0.072,0.114
0.017,0.091,0.066,0.263,0.185,0.138,0.037,0.05,0.054,0.076,0.118
0.018,0.075,0.054,0.232,0.163,0.121,0.04,0.057,0.068,0.096,0.152
0.017,0.07,0.051,0.2,0.139,0.103,0.04,0.045,0.054,0.066,0.097
0.02,0.16,0.107,0.492,0.332,0.232,0.039,0.055,0.061,0.083,0.139
